Workbook

Sheet co2e_mt_mensal
A1: mes | B1: co2_mt | C1: biomassa | D1: carvao | E1: eolica | F1: fotovoltaica | G1: gas | H1: hidraulica | I1: multi_combustivel_diesel_oleo | J1: nuclear | K1: oleo_combustivel | L1: oleo_diesel | M1: =co2e_mt!H1 -> grupo_befn | N1: =co2e_mt!K1 -> grupo_cg | O1: =co2e_mt!L1 -> grupo_hidraulica | P1: =co2e_mt!P1 -> grupo_o
A2: 2000-01 | B2: =co2e_mt!S2 -> 1.7037342 | C2: =geracao_mwh!D2 -> 50755.6 | D2: =geracao_mwh!E2 -> 770965.7 | E2: =geracao_mwh!F2 -> 0 | F2: =geracao_mwh!G2 -> 0 | G2: =geracao_mwh!H2 -> 510249.6 | H2: =geracao_mwh!I2 -> 27711265 | I2: =geracao_mwh!J2 -> 0 | J2: =geracao_mwh!K2 -> 418078.1 | ... L2: =geracao_mwh!M2 -> 0 | M2: =co2e_mt!H2 -> 0.0080743065 | N2: =co2e_mt!K2 -> 1.019718 | O2: =co2e_mt!L2 -> 0.58193656 | P2: =co2e_mt!P2 -> 0.094005324
A3: 2000-02 | B3: =co2e_mt!S3 -> 1.6357511 | C3: =geracao_mwh!D3 -> 11439 | D3: =geracao_mwh!E3 -> 725440.2 | E3: =geracao_mwh!F3 -> 0 | F3: =geracao_mwh!G3 -> 0 | G3: =geracao_mwh!H3 -> 580009.2 | H3: =geracao_mwh!I3 -> 26849928 | I3: =geracao_mwh!J3 -> 0 | J3: =geracao_mwh!K3 -> 400043.1 | ... L3: =geracao_mwh!M3 -> 0 | M3: =co2e_mt!H3 -> 0.0057953883 | N3: =co2e_mt!K3 -> 1.0080501 | O3: =co2e_mt!L3 -> 0.56384849 | P3: =co2e_mt!P3 -> 0.058057104
A4: 2000-03 | B4: =co2e_mt!S4 -> 1.6114992 | C4: =geracao_mwh!D4 -> 3845.4 | D4: =geracao_mwh!E4 -> 685798.45 | E4: =geracao_mwh!F4 -> 0 | F4: =geracao_mwh!G4 -> 0 | G4: =geracao_mwh!H4 -> 513065.18 | H4: =geracao_mwh!I4 -> 28789384 | I4: =geracao_mwh!J4 -> 0 | J4: =geracao_mwh!K4 -> 400187.1 | ... L4: =geracao_mwh!M4 -> 0 | M4: =co2e_mt!H4 -> 0.0054023931 | N4: =co2e_mt!K4 -> 0.93583393 | O4: =co2e_mt!L4 -> 0.60457706 | P4: =co2e_mt!P4 -> 0.065685774
A5: 2000-04 | B5: =co2e_mt!S5 -> 1.4621317 | C5: =geracao_mwh!D5 -> 3600 | D5: =geracao_mwh!E5 -> 675601.7 | E5: =geracao_mwh!F5 -> 0 | F5: =geracao_mwh!G5 -> 0 | G5: =geracao_mwh!H5 -> 337403.2 | H5: =geracao_mwh!I5 -> 27810599 | I5: =geracao_mwh!J5 -> 0 | J5: =geracao_mwh!K5 -> 358885.6 | ... L5: =geracao_mwh!M5 -> 0 | M5: =co2e_mt!H5 -> 0.0048527128 | N5: =co2e_mt!K5 -> 0.84025526 | O5: =co2e_mt!L5 -> 0.58402258 | P5: =co2e_mt!P5 -> 0.033001164
A6: 2000-05 | B6: =co2e_mt!S6 -> 1.661701 | C6: =geracao_mwh!D6 -> 4403.1 | D6: =geracao_mwh!E6 -> 725874.7 | E6: =geracao_mwh!F6 -> 0 | F6: =geracao_mwh!G6 -> 0 | G6: =geracao_mwh!H6 -> 503225.5 | H6: =geracao_mwh!I6 -> 28813392 | I6: =geracao_mwh!J6 -> 0 | J6: =geracao_mwh!K6 -> 0 | ... L6: =geracao_mwh!M6 -> 0 | M6: =co2e_mt!H6 -> 0.0002289612 | N6: =co2e_mt!K6 -> 0.97116817 | O6: =co2e_mt!L6 -> 0.60508123 | P6: =co2e_mt!P6 -> 0.08522262
A7: 2000-06 | B7: =co2e_mt!S7 -> 1.669187 | C7: =geracao_mwh!D7 -> 7536.9 | D7: =geracao_mwh!E7 -> 725001.5 | E7: =geracao_mwh!F7 -> 0 | F7: =geracao_mwh!G7 -> 0 | G7: =geracao_mwh!H7 -> 574331.6 | H7: =geracao_mwh!I7 -> 27376412 | I7: =geracao_mwh!J7 -> 0 | J7: =geracao_mwh!K7 -> 11.1 | ... L7: =geracao_mwh!M7 -> 0 | M7: =co2e_mt!H7 -> 0.0003920631 | N7: =co2e_mt!K7 -> 1.0048517 | O7: =co2e_mt!L7 -> 0.57490466 | P7: =co2e_mt!P7 -> 0.089038656
A8: 2000-07 | B8: =co2e_mt!S8 -> 1.562379 | C8: =geracao_mwh!D8 -> 5147.5 | D8: =geracao_mwh!E8 -> 607498.3 | E8: =geracao_mwh!F8 -> 0 | F8: =geracao_mwh!G8 -> 0 | G8: =geracao_mwh!H8 -> 540092.5 | H8: =geracao_mwh!I8 -> 27679250 | I8: =geracao_mwh!J8 -> 0 | J8: =geracao_mwh!K8 -> 67881 | ... L8: =geracao_mwh!M8 -> 0 | M8: =co2e_mt!H8 -> 0.001150123 | N8: =co2e_mt!K8 -> 0.87059075 | O8: =co2e_mt!L8 -> 0.58126425 | P8: =co2e_mt!P8 -> 0.10937388
A9: 2000-08 | B9: =co2e_mt!S9 -> 1.5944674 | C9: =geracao_mwh!D9 -> 8189.2 | D9: =geracao_mwh!E9 -> 627497.7 | E9: =geracao_mwh!F9 -> 0 | F9: =geracao_mwh!G9 -> 0 | G9: =geracao_mwh!H9 -> 547118.2 | H9: =geracao_mwh!I9 -> 27812268 | I9: =geracao_mwh!J9 -> 0 | J9: =geracao_mwh!K9 -> 672390.8 | ... L9: =geracao_mwh!M9 -> 0 | M9: =co2e_mt!H9 -> 0.0091669188 | N9: =co2e_mt!K9 -> 0.89402464 | O9: =co2e_mt!L9 -> 0.58405764 | P9: =co2e_mt!P9 -> 0.10721819
A10: 2000-09 | B10: =co2e_mt!S10 -> 1.2967024 | C10: =geracao_mwh!D10 -> 18807.5 | D10: =geracao_mwh!E10 -> 397360.2 | E10: =geracao_mwh!F10 -> 0 | F10: =geracao_mwh!G10 -> 0 | G10: =geracao_mwh!H10 -> 500284.8 | H10: =geracao_mwh!I10 -> 27482979 | I10: =geracao_mwh!J10 -> 0 | J10: =geracao_mwh!K10 -> 781196.2 | ... L10: =geracao_mwh!M10 -> 0 | M10: =co2e_mt!H10 -> 0.011133541 | N10: =co2e_mt!K10 -> 0.64089597 | O10: =co2e_mt!L10 -> 0.57714257 | P10: =co2e_mt!P10 -> 0.067530313
A11: 2000-10 | B11: =co2e_mt!S11 -> 1.302797 | C11: =geracao_mwh!D11 -> 3536.7 | D11: =geracao_mwh!E11 -> 337343.6 | E11: =geracao_mwh!F11 -> 0 | F11: =geracao_mwh!G11 -> 0 | G11: =geracao_mwh!H11 -> 551283.5 | H11: =geracao_mwh!I11 -> 30034719 | I11: =geracao_mwh!J11 -> 0 | J11: =geracao_mwh!K11 -> 544916.14 | ... L11: =geracao_mwh!M11 -> 0 | M11: =co2e_mt!H11 -> 0.0072678182 | N11: =co2e_mt!K11 -> 0.60560472 | O11: =co2e_mt!L11 -> 0.63072911 | P11: =co2e_mt!P11 -> 0.059195388
A12: 2000-11 | B12: =co2e_mt!S12 -> 1.4361071 | C12: =geracao_mwh!D12 -> 3573.9 | D12: =geracao_mwh!E12 -> 489988.5 | E12: =geracao_mwh!F12 -> 0 | F12: =geracao_mwh!G12 -> 0 | G12: =geracao_mwh!H12 -> 548470 | H12: =geracao_mwh!I12 -> 27613933 | I12: =geracao_mwh!J12 -> 0 | J12: =geracao_mwh!K12 -> 1127845.1 | ... L12: =geracao_mwh!M12 -> 0 | M12: =co2e_mt!H12 -> 0.014847829 | N12: =co2e_mt!K12 -> 0.75703491 | O12: =co2e_mt!L12 -> 0.57989258 | P12: =co2e_mt!P12 -> 0.0843318
A13: 2000-12 | B13: =co2e_mt!S13 -> 1.6436042 | C13: =geracao_mwh!D13 -> 9228.8 | D13: =geracao_mwh!E13 -> 640149.8 | E13: =geracao_mwh!F13 -> 0 | F13: =geracao_mwh!G13 -> 0 | G13: =geracao_mwh!H13 -> 673443.4 | H13: =geracao_mwh!I13 -> 27617699 | I13: =geracao_mwh!J13 -> 0 | J13: =geracao_mwh!K13 -> 1224857.3 | ... L13: =geracao_mwh!M13 -> 0 | M13: =co2e_mt!H13 -> 0.016403042 | N13: =co2e_mt!K13 -> 0.96808344 | O13: =co2e_mt!L13 -> 0.57997168 | P13: =co2e_mt!P13 -> 0.07914606
... A311: 2025-10 | B311: =co2e_mt!S311 -> 4.7802386 | C311: =geracao_mwh!D311 -> 246321.95 | D311: =geracao_mwh!E311 -> 1128889 | E311: =geracao_mwh!F311 -> 11842420 | F311: =geracao_mwh!G311 -> 8464726.6 | G311: =geracao_mwh!H311 -> 5153963.9 | H311: =geracao_mwh!I311 -> 28082307 | I311: =geracao_mwh!J311 -> 2421.926 | J311: =geracao_mwh!K311 -> 1493915.9 | ... L311: =geracao_mwh!M311 -> 3795.353 | M311: =co2e_mt!H311 -> 0.55016436 | N311: =co2e_mt!K311 -> 3.6348444 | O311: =co2e_mt!L311 -> 0.58972845 | P311: =co2e_mt!P311 -> 0.0055014422

Sheet geracao_mwh
A1: mes_total | B1: ano | C1: mes | D1: biomassa | E1: carvao | F1: eolica | G1: fotovoltaica | H1: gas | I1: hidraulica | J1: multi_combustivel_diesel_oleo | K1: nuclear | L1: oleo_combustivel | M1: oleo_diesel | N1: outras_multi_combustivel | O1: residuos_industriais
A2: 1 | B2: 2000 | C2: 1 | D2: 50755.6 | E2: 770965.7 | F2: 0 | G2: 0 | H2: 510249.6 | I2: 27711265 | J2: 0 | K2: 418078.1 | L2: 111911.1 | M2: 0 | N2: 0 | O2: 0
A3: 2 | B3: 2000 | C3: 2 | D3: 11439 | E3: 725440.2 | F3: 0 | G3: 0 | H3: 580009.2 | I3: 26849928 | J3: 0 | K3: 400043.1 | L3: 69115.6 | M3: 0 | N3: 0 | O3: 0
A4: 3 | B4: 2000 | C4: 3 | D4: 3845.4 | E4: 685798.45 | F4: 0 | G4: 0 | H4: 513065.18 | I4: 28789384 | J4: 0 | K4: 400187.1 | L4: 78197.35 | M4: 0 | N4: 0 | O4: 0
A5: 4 | B5: 2000 | C5: 4 | D5: 3600 | E5: 675601.7 | F5: 0 | G5: 0 | H5: 337403.2 | I5: 27810599 | J5: 0 | K5: 358885.6 | L5: 39287.1 | M5: 0 | N5: 0 | O5: 0
A6: 5 | B6: 2000 | C6: 5 | D6: 4403.1 | E6: 725874.7 | F6: 0 | G6: 0 | H6: 503225.5 | I6: 28813392 | J6: 0 | K6: 0 | L6: 101455.5 | M6: 0 | N6: 0 | O6: 0
A7: 6 | B7: 2000 | C7: 6 | D7: 7536.9 | E7: 725001.5 | F7: 0 | G7: 0 | H7: 574331.6 | I7: 27376412 | J7: 0 | K7: 11.1 | L7: 105998.4 | M7: 0 | N7: 0 | O7: 0
A8: 7 | B8: 2000 | C8: 7 | D8: 5147.5 | E8: 607498.3 | F8: 0 | G8: 0 | H8: 540092.5 | I8: 27679250 | J8: 0 | K8: 67881 | L8: 130207 | M8: 0 | N8: 0 | O8: 0
A9: 8 | B9: 2000 | C9: 8 | D9: 8189.2 | E9: 627497.7 | F9: 0 | G9: 0 | H9: 547118.2 | I9: 27812268 | J9: 0 | K9: 672390.8 | L9: 127640.7 | M9: 0 | N9: 0 | O9: 0
A10: 9 | B10: 2000 | C10: 9 | D10: 18807.5 | E10: 397360.2 | F10: 0 | G10: 0 | H10: 500284.8 | I10: 27482979 | J10: 0 | K10: 781196.2 | L10: 80393.23 | M10: 0 | N10: 0 | O10: 0
A11: 10 | B11: 2000 | C11: 10 | D11: 3536.7 | E11: 337343.6 | F11: 0 | G11: 0 | H11: 551283.5 | I11: 30034719 | J11: 0 | K11: 544916.14 | L11: 70470.7 | M11: 0 | N11: 0 | O11: 0
A12: 11 | B12: 2000 | C12: 11 | D12: 3573.9 | E12: 489988.5 | F12: 0 | G12: 0 | H12: 548470 | I12: 27613933 | J12: 0 | K12: 1127845.1 | L12: 100395 | M12: 0 | N12: 0 | O12: 0
A13: 12 | B13: 2000 | C13: 12 | D13: 9228.8 | E13: 640149.8 | F13: 0 | G13: 0 | H13: 673443.4 | I13: 27617699 | J13: 0 | K13: 1224857.3 | L13: 94221.5 | M13: 0 | N13: 0 | O13: 0
... A311: 310 | B311: 2025 | C311: 10 | D311: 246321.95 | E311: 1128889 | F311: 11842420 | G311: 8464726.6 | H311: 5153963.9 | I311: 28082307 | J311: 2421.926 | K311: 1493915.9 | L311: 332.057 | M311: 3795.353 | N311: 1632849.6 | O311: 483558.28

Sheet geracao_kwh
A1: mes_total | B1: ano | C1: mes | D1: biomassa | E1: carvao | F1: eolica | G1: fotovoltaica | H1: gas | I1: hidraulica | J1: multi_combustivel_diesel_oleo | K1: nuclear | L1: oleo_combustivel | M1: oleo_diesel | N1: outras_multi_combustivel | O1: residuos_industriais
A2: 1 | B2: 2000 | C2: 1 | D2: =geracao_mwh!D2*1000 -> 50755600 | E2: =geracao_mwh!E2*1000 -> 770965700 | F2: =geracao_mwh!F2*1000 -> 0 | G2: =geracao_mwh!G2*1000 -> 0 | H2: =geracao_mwh!H2*1000 -> 5.102496e+08 | I2: =geracao_mwh!I2*1000 -> 2.7711265e+10 | J2: =geracao_mwh!J2*1000 -> 0 | K2: =geracao_mwh!K2*1000 -> 4.180781e+08 | ... O2: =geracao_mwh!O2*1000 -> 0
A3: 2 | B3: 2000 | C3: 2 | D3: =geracao_mwh!D3*1000 -> 11439000 | E3: =geracao_mwh!E3*1000 -> 7.254402e+08 | F3: =geracao_mwh!F3*1000 -> 0 | G3: =geracao_mwh!G3*1000 -> 0 | H3: =geracao_mwh!H3*1000 -> 5.800092e+08 | I3: =geracao_mwh!I3*1000 -> 2.6849928e+10 | J3: =geracao_mwh!J3*1000 -> 0 | K3: =geracao_mwh!K3*1000 -> 400043100 | ... O3: =geracao_mwh!O3*1000 -> 0
A4: 3 | B4: 2000 | C4: 3 | D4: =geracao_mwh!D4*1000 -> 3845400 | E4: =geracao_mwh!E4*1000 -> 6.8579845e+08 | F4: =geracao_mwh!F4*1000 -> 0 | G4: =geracao_mwh!G4*1000 -> 0 | H4: =geracao_mwh!H4*1000 -> 5.1306518e+08 | I4: =geracao_mwh!I4*1000 -> 2.8789384e+10 | J4: =geracao_mwh!J4*1000 -> 0 | K4: =geracao_mwh!K4*1000 -> 4.001871e+08 | ... O4: =geracao_mwh!O4*1000 -> 0
A5: 4 | B5: 2000 | C5: 4 | D5: =geracao_mwh!D5*1000 -> 3600000 | E5: =geracao_mwh!E5*1000 -> 6.756017e+08 | F5: =geracao_mwh!F5*1000 -> 0 | G5: =geracao_mwh!G5*1000 -> 0 | H5: =geracao_mwh!H5*1000 -> 3.374032e+08 | I5: =geracao_mwh!I5*1000 -> 2.7810599e+10 | J5: =geracao_mwh!J5*1000 -> 0 | K5: =geracao_mwh!K5*1000 -> 3.588856e+08 | ... O5: =geracao_mwh!O5*1000 -> 0
A6: 5 | B6: 2000 | C6: 5 | D6: =geracao_mwh!D6*1000 -> 4403100 | E6: =geracao_mwh!E6*1000 -> 7.258747e+08 | F6: =geracao_mwh!F6*1000 -> 0 | G6: =geracao_mwh!G6*1000 -> 0 | H6: =geracao_mwh!H6*1000 -> 5.032255e+08 | I6: =geracao_mwh!I6*1000 -> 2.8813392e+10 | J6: =geracao_mwh!J6*1000 -> 0 | K6: =geracao_mwh!K6*1000 -> 0 | ... O6: =geracao_mwh!O6*1000 -> 0
A7: 6 | B7: 2000 | C7: 6 | D7: =geracao_mwh!D7*1000 -> 7536900 | E7: =geracao_mwh!E7*1000 -> 7.250015e+08 | F7: =geracao_mwh!F7*1000 -> 0 | G7: =geracao_mwh!G7*1000 -> 0 | H7: =geracao_mwh!H7*1000 -> 574331600 | I7: =geracao_mwh!I7*1000 -> 2.7376412e+10 | J7: =geracao_mwh!J7*1000 -> 0 | K7: =geracao_mwh!K7*1000 -> 11100 | ... O7: =geracao_mwh!O7*1000 -> 0
A8: 7 | B8: 2000 | C8: 7 | D8: =geracao_mwh!D8*1000 -> 5147500 | E8: =geracao_mwh!E8*1000 -> 6.074983e+08 | F8: =geracao_mwh!F8*1000 -> 0 | G8: =geracao_mwh!G8*1000 -> 0 | H8: =geracao_mwh!H8*1000 -> 5.400925e+08 | I8: =geracao_mwh!I8*1000 -> 2.767925e+10 | J8: =geracao_mwh!J8*1000 -> 0 | K8: =geracao_mwh!K8*1000 -> 67881000 | ... O8: =geracao_mwh!O8*1000 -> 0
A9: 8 | B9: 2000 | C9: 8 | D9: =geracao_mwh!D9*1000 -> 8189200 | E9: =geracao_mwh!E9*1000 -> 6.274977e+08 | F9: =geracao_mwh!F9*1000 -> 0 | G9: =geracao_mwh!G9*1000 -> 0 | H9: =geracao_mwh!H9*1000 -> 5.471182e+08 | I9: =geracao_mwh!I9*1000 -> 2.7812268e+10 | J9: =geracao_mwh!J9*1000 -> 0 | K9: =geracao_mwh!K9*1000 -> 6.723908e+08 | ... O9: =geracao_mwh!O9*1000 -> 0
A10: 9 | B10: 2000 | C10: 9 | D10: =geracao_mwh!D10*1000 -> 18807500 | E10: =geracao_mwh!E10*1000 -> 397360200 | F10: =geracao_mwh!F10*1000 -> 0 | G10: =geracao_mwh!G10*1000 -> 0 | H10: =geracao_mwh!H10*1000 -> 5.002848e+08 | I10: =geracao_mwh!I10*1000 -> 2.7482979e+10 | J10: =geracao_mwh!J10*1000 -> 0 | K10: =geracao_mwh!K10*1000 -> 7.811962e+08 | ... O10: =geracao_mwh!O10*1000 -> 0
A11: 10 | B11: 2000 | C11: 10 | D11: =geracao_mwh!D11*1000 -> 3536700 | E11: =geracao_mwh!E11*1000 -> 3.373436e+08 | F11: =geracao_mwh!F11*1000 -> 0 | G11: =geracao_mwh!G11*1000 -> 0 | H11: =geracao_mwh!H11*1000 -> 5.512835e+08 | I11: =geracao_mwh!I11*1000 -> 3.0034719e+10 | J11: =geracao_mwh!J11*1000 -> 0 | K11: =geracao_mwh!K11*1000 -> 5.4491614e+08 | ... O11: =geracao_mwh!O11*1000 -> 0
A12: 11 | B12: 2000 | C12: 11 | D12: =geracao_mwh!D12*1000 -> 3573900 | E12: =geracao_mwh!E12*1000 -> 4.899885e+08 | F12: =geracao_mwh!F12*1000 -> 0 | G12: =geracao_mwh!G12*1000 -> 0 | H12: =geracao_mwh!H12*1000 -> 5.4847e+08 | I12: =geracao_mwh!I12*1000 -> 2.7613933e+10 | J12: =geracao_mwh!J12*1000 -> 0 | K12: =geracao_mwh!K12*1000 -> 1.1278451e+09 | ... O12: =geracao_mwh!O12*1000 -> 0
A13: 12 | B13: 2000 | C13: 12 | D13: =geracao_mwh!D13*1000 -> 9228800 | E13: =geracao_mwh!E13*1000 -> 6.401498e+08 | F13: =geracao_mwh!F13*1000 -> 0 | G13: =geracao_mwh!G13*1000 -> 0 | H13: =geracao_mwh!H13*1000 -> 6.734434e+08 | I13: =geracao_mwh!I13*1000 -> 2.7617699e+10 | J13: =geracao_mwh!J13*1000 -> 0 | K13: =geracao_mwh!K13*1000 -> 1.2248573e+09 | ... O13: =geracao_mwh!O13*1000 -> 0
... A311: 310 | B311: 2024 | C311: 10 | D311: =geracao_mwh!D311*1000 -> 2.4632195e+08 | E311: =geracao_mwh!E311*1000 -> 1.128889e+09 | F311: =geracao_mwh!F311*1000 -> 1.184242e+10 | G311: =geracao_mwh!G311*1000 -> 8.4647266e+09 | H311: =geracao_mwh!H311*1000 -> 5.1539639e+09 | I311: =geracao_mwh!I311*1000 -> 2.8082307e+10 | J311: =geracao_mwh!J311*1000 -> 2421926 | K311: =geracao_mwh!K311*1000 -> 1.4939159e+09 | ... O311: =geracao_mwh!O311*1000 -> 4.8355828e+08

Sheet co2e_g_kwh
A1: mes_total | B1: ano | C1: mes | D1: biomassa | E1: carvao | F1: eolica | G1: fotovoltaica | H1: gas | I1: hidraulica | J1: multi_combustivel_diesel_oleo | K1: nuclear | L1: oleo_combustivel | M1: oleo_diesel | N1: outras_multi_combustivel | O1: residuos_industriais
A2: 1 | B2: 2000 | C2: 1 | D2: =geracao_kwh!D2*lcae!$D$2 -> 2.6392912e+09 | E2: =geracao_kwh!E2*lcae!$E$2 -> 771736665700 | F2: =geracao_kwh!F2*lcae!$F$2 -> 0 | G2: =geracao_kwh!G2*lcae!$G$2 -> 0 | H2: =geracao_kwh!H2*lcae!$H$2 -> 2.4798131e+11 | I2: =geracao_kwh!I2*lcae!$I$2 -> 5.8193656e+11 | J2: =geracao_kwh!J2*lcae!$J$2 -> 0 | K2: =geracao_kwh!K2*lcae!$K$2 -> 5.4350153e+09 | L2: =geracao_kwh!L2*lcae!$L$2 -> 9.4005324e+10 | M2: =geracao_kwh!M2*lcae!$M$2 -> 0 | N2: =geracao_kwh!N2*lcae!$N$2 -> 0 | O2: =geracao_kwh!O2*lcae!$O$2 -> 0
A3: 2 | B3: 2000 | C3: 2 | D3: =geracao_kwh!D3*lcae!$D$2 -> 5.94828e+08 | E3: =geracao_kwh!E3*lcae!$E$2 -> 7.2616564e+11 | F3: =geracao_kwh!F3*lcae!$F$2 -> 0 | G3: =geracao_kwh!G3*lcae!$G$2 -> 0 | H3: =geracao_kwh!H3*lcae!$H$2 -> 2.8188447e+11 | I3: =geracao_kwh!I3*lcae!$I$2 -> 5.6384849e+11 | J3: =geracao_kwh!J3*lcae!$J$2 -> 0 | K3: =geracao_kwh!K3*lcae!$K$2 -> 5200560300 | L3: =geracao_kwh!L3*lcae!$L$2 -> 5.8057104e+10 | M3: =geracao_kwh!M3*lcae!$M$2 -> 0 | N3: =geracao_kwh!N3*lcae!$N$2 -> 0 | O3: =geracao_kwh!O3*lcae!$O$2 -> 0
A4: 3 | B4: 2000 | C4: 3 | D4: =geracao_kwh!D4*lcae!$D$2 -> 199960800 | E4: =geracao_kwh!E4*lcae!$E$2 -> 6.8648425e+11 | F4: =geracao_kwh!F4*lcae!$F$2 -> 0 | G4: =geracao_kwh!G4*lcae!$G$2 -> 0 | H4: =geracao_kwh!H4*lcae!$H$2 -> 2.4934968e+11 | I4: =geracao_kwh!I4*lcae!$I$2 -> 6.0457706e+11 | J4: =geracao_kwh!J4*lcae!$J$2 -> 0 | K4: =geracao_kwh!K4*lcae!$K$2 -> 5.2024323e+09 | L4: =geracao_kwh!L4*lcae!$L$2 -> 6.5685774e+10 | M4: =geracao_kwh!M4*lcae!$M$2 -> 0 | N4: =geracao_kwh!N4*lcae!$N$2 -> 0 | O4: =geracao_kwh!O4*lcae!$O$2 -> 0
A5: 4 | B5: 2000 | C5: 4 | D5: =geracao_kwh!D5*lcae!$D$2 -> 187200000 | E5: =geracao_kwh!E5*lcae!$E$2 -> 6.762773e+11 | F5: =geracao_kwh!F5*lcae!$F$2 -> 0 | G5: =geracao_kwh!G5*lcae!$G$2 -> 0 | H5: =geracao_kwh!H5*lcae!$H$2 -> 1.6397796e+11 | I5: =geracao_kwh!I5*lcae!$I$2 -> 5.8402258e+11 | J5: =geracao_kwh!J5*lcae!$J$2 -> 0 | K5: =geracao_kwh!K5*lcae!$K$2 -> 4.6655128e+09 | L5: =geracao_kwh!L5*lcae!$L$2 -> 3.3001164e+10 | M5: =geracao_kwh!M5*lcae!$M$2 -> 0 | N5: =geracao_kwh!N5*lcae!$N$2 -> 0 | O5: =geracao_kwh!O5*lcae!$O$2 -> 0
A6: 5 | B6: 2000 | C6: 5 | D6: =geracao_kwh!D6*lcae!$D$2 -> 228961200 | E6: =geracao_kwh!E6*lcae!$E$2 -> 7.2660057e+11 | F6: =geracao_kwh!F6*lcae!$F$2 -> 0 | G6: =geracao_kwh!G6*lcae!$G$2 -> 0 | H6: =geracao_kwh!H6*lcae!$H$2 -> 2.4456759e+11 | I6: =geracao_kwh!I6*lcae!$I$2 -> 6.0508123e+11 | J6: =geracao_kwh!J6*lcae!$J$2 -> 0 | K6: =geracao_kwh!K6*lcae!$K$2 -> 0 | L6: =geracao_kwh!L6*lcae!$L$2 -> 85222620000 | M6: =geracao_kwh!M6*lcae!$M$2 -> 0 | N6: =geracao_kwh!N6*lcae!$N$2 -> 0 | O6: =geracao_kwh!O6*lcae!$O$2 -> 0
A7: 6 | B7: 2000 | C7: 6 | D7: =geracao_kwh!D7*lcae!$D$2 -> 391918800 | E7: =geracao_kwh!E7*lcae!$E$2 -> 7.257265e+11 | F7: =geracao_kwh!F7*lcae!$F$2 -> 0 | G7: =geracao_kwh!G7*lcae!$G$2 -> 0 | H7: =geracao_kwh!H7*lcae!$H$2 -> 279125157600 | I7: =geracao_kwh!I7*lcae!$I$2 -> 5.7490466e+11 | J7: =geracao_kwh!J7*lcae!$J$2 -> 0 | K7: =geracao_kwh!K7*lcae!$K$2 -> 144300 | L7: =geracao_kwh!L7*lcae!$L$2 -> 8.9038656e+10 | M7: =geracao_kwh!M7*lcae!$M$2 -> 0 | N7: =geracao_kwh!N7*lcae!$N$2 -> 0 | O7: =geracao_kwh!O7*lcae!$O$2 -> 0
A8: 7 | B8: 2000 | C8: 7 | D8: =geracao_kwh!D8*lcae!$D$2 -> 267670000 | E8: =geracao_kwh!E8*lcae!$E$2 -> 6.081058e+11 | F8: =geracao_kwh!F8*lcae!$F$2 -> 0 | G8: =geracao_kwh!G8*lcae!$G$2 -> 0 | H8: =geracao_kwh!H8*lcae!$H$2 -> 2.6248496e+11 | I8: =geracao_kwh!I8*lcae!$I$2 -> 5.8126425e+11 | J8: =geracao_kwh!J8*lcae!$J$2 -> 0 | K8: =geracao_kwh!K8*lcae!$K$2 -> 8.82453e+08 | L8: =geracao_kwh!L8*lcae!$L$2 -> 1.0937388e+11 | M8: =geracao_kwh!M8*lcae!$M$2 -> 0 | N8: =geracao_kwh!N8*lcae!$N$2 -> 0 | O8: =geracao_kwh!O8*lcae!$O$2 -> 0
A9: 8 | B9: 2000 | C9: 8 | D9: =geracao_kwh!D9*lcae!$D$2 -> 4.258384e+08 | E9: =geracao_kwh!E9*lcae!$E$2 -> 6.281252e+11 | F9: =geracao_kwh!F9*lcae!$F$2 -> 0 | G9: =geracao_kwh!G9*lcae!$G$2 -> 0 | H9: =geracao_kwh!H9*lcae!$H$2 -> 2.6589945e+11 | I9: =geracao_kwh!I9*lcae!$I$2 -> 5.8405764e+11 | J9: =geracao_kwh!J9*lcae!$J$2 -> 0 | K9: =geracao_kwh!K9*lcae!$K$2 -> 8.7410804e+09 | L9: =geracao_kwh!L9*lcae!$L$2 -> 1.0721819e+11 | M9: =geracao_kwh!M9*lcae!$M$2 -> 0 | N9: =geracao_kwh!N9*lcae!$N$2 -> 0 | O9: =geracao_kwh!O9*lcae!$O$2 -> 0
A10: 9 | B10: 2000 | C10: 9 | D10: =geracao_kwh!D10*lcae!$D$2 -> 977990000 | E10: =geracao_kwh!E10*lcae!$E$2 -> 397757560200 | F10: =geracao_kwh!F10*lcae!$F$2 -> 0 | G10: =geracao_kwh!G10*lcae!$G$2 -> 0 | H10: =geracao_kwh!H10*lcae!$H$2 -> 2.4313841e+11 | I10: =geracao_kwh!I10*lcae!$I$2 -> 5.7714257e+11 | J10: =geracao_kwh!J10*lcae!$J$2 -> 0 | K10: =geracao_kwh!K10*lcae!$K$2 -> 1.0155551e+10 | L10: =geracao_kwh!L10*lcae!$L$2 -> 6.7530313e+10 | M10: =geracao_kwh!M10*lcae!$M$2 -> 0 | N10: =geracao_kwh!N10*lcae!$N$2 -> 0 | O10: =geracao_kwh!O10*lcae!$O$2 -> 0
A11: 10 | B11: 2000 | C11: 10 | D11: =geracao_kwh!D11*lcae!$D$2 -> 1.839084e+08 | E11: =geracao_kwh!E11*lcae!$E$2 -> 3.3768094e+11 | F11: =geracao_kwh!F11*lcae!$F$2 -> 0 | G11: =geracao_kwh!G11*lcae!$G$2 -> 0 | H11: =geracao_kwh!H11*lcae!$H$2 -> 2.6792378e+11 | I11: =geracao_kwh!I11*lcae!$I$2 -> 6.3072911e+11 | J11: =geracao_kwh!J11*lcae!$J$2 -> 0 | K11: =geracao_kwh!K11*lcae!$K$2 -> 7.0839098e+09 | L11: =geracao_kwh!L11*lcae!$L$2 -> 5.9195388e+10 | M11: =geracao_kwh!M11*lcae!$M$2 -> 0 | N11: =geracao_kwh!N11*lcae!$N$2 -> 0 | O11: =geracao_kwh!O11*lcae!$O$2 -> 0
A12: 11 | B12: 2000 | C12: 11 | D12: =geracao_kwh!D12*lcae!$D$2 -> 1.858428e+08 | E12: =geracao_kwh!E12*lcae!$E$2 -> 4.9047849e+11 | F12: =geracao_kwh!F12*lcae!$F$2 -> 0 | G12: =geracao_kwh!G12*lcae!$G$2 -> 0 | H12: =geracao_kwh!H12*lcae!$H$2 -> 2.6655642e+11 | I12: =geracao_kwh!I12*lcae!$I$2 -> 5.7989258e+11 | J12: =geracao_kwh!J12*lcae!$J$2 -> 0 | K12: =geracao_kwh!K12*lcae!$K$2 -> 1.4661987e+10 | L12: =geracao_kwh!L12*lcae!$L$2 -> 8.43318e+10 | M12: =geracao_kwh!M12*lcae!$M$2 -> 0 | N12: =geracao_kwh!N12*lcae!$N$2 -> 0 | O12: =geracao_kwh!O12*lcae!$O$2 -> 0
A13: 12 | B13: 2000 | C13: 12 | D13: =geracao_kwh!D13*lcae!$D$2 -> 479897600 | E13: =geracao_kwh!E13*lcae!$E$2 -> 6.4078995e+11 | F13: =geracao_kwh!F13*lcae!$F$2 -> 0 | G13: =geracao_kwh!G13*lcae!$G$2 -> 0 | H13: =geracao_kwh!H13*lcae!$H$2 -> 3.2729349e+11 | I13: =geracao_kwh!I13*lcae!$I$2 -> 5.7997168e+11 | J13: =geracao_kwh!J13*lcae!$J$2 -> 0 | K13: =geracao_kwh!K13*lcae!$K$2 -> 1.5923145e+10 | L13: =geracao_kwh!L13*lcae!$L$2 -> 7.914606e+10 | M13: =geracao_kwh!M13*lcae!$M$2 -> 0 | N13: =geracao_kwh!N13*lcae!$N$2 -> 0 | O13: =geracao_kwh!O13*lcae!$O$2 -> 0
... A311: 310 | B311: 2025 | C311: 10 | D311: =geracao_kwh!D311*lcae!$D$2 -> 1.2808741e+10 | E311: =geracao_kwh!E311*lcae!$E$2 -> 1.1300179e+12 | F311: =geracao_kwh!F311*lcae!$F$2 -> 1.5395147e+11 | G311: =geracao_kwh!G311*lcae!$G$2 -> 3.6398324e+11 | H311: =geracao_kwh!H311*lcae!$H$2 -> 2.5048265e+12 | I311: =geracao_kwh!I311*lcae!$I$2 -> 5.8972845e+11 | J311: =geracao_kwh!J311*lcae!$J$2 -> 2.0344178e+09 | K311: =geracao_kwh!K311*lcae!$K$2 -> 1.9420906e+10 | L311: =geracao_kwh!L311*lcae!$L$2 -> 2.7892788e+08 | M311: =geracao_kwh!M311*lcae!$M$2 -> 3.1880965e+09 | N311: =geracao_kwh!N311*lcae!$N$2 -> 0 | O311: =geracao_kwh!O311*lcae!$O$2 -> 0

Sheet co2e_mt
A1: mes_total | B1: ano | C1: mes | D1: biomassa | E1: eolica | F1: fotovoltaica | G1: nuclear | H1: grupo_befn | I1: carvao | J1: gas | K1: grupo_cg | L1: grupo_hidraulica | M1: multi_combustivel_diesel_oleo | N1: oleo_combustivel | O1: oleo_diesel | P1: grupo_o | Q1: outras_multi_combustivel | R1: residuos_industriais | S1: co2_mt
A2: 1 | B2: 2000 | C2: 1 | D2: =(co2e_g_kwh!D2)/1000000000000 -> 0.0026392912 | E2: =(co2e_g_kwh!F2)/1000000000000 -> 0 | F2: =(co2e_g_kwh!G2)/1000000000000 -> 0 | G2: =(co2e_g_kwh!K2)/1000000000000 -> 0.0054350153 | H2: =SUM(D2:G2) -> 0.0080743065 | I2: =(co2e_g_kwh!E2)/1000000000000 -> 0.77173667 | J2: =(co2e_g_kwh!H2)/1000000000000 -> 0.24798131 | K2: =SUM(I2:J2) -> 1.019718 | L2: =(co2e_g_kwh!I2)/1000000000000 -> 0.58193656 | M2: =(co2e_g_kwh!J2)/1000000000000 -> 0 | N2: =(co2e_g_kwh!L2)/1000000000000 -> 0.094005324 | O2: =(co2e_g_kwh!M2)/1000000000000 -> 0 | P2: =SUM(M2:O2) -> 0.094005324 | Q2: =(co2e_g_kwh!N2)/1000000000000 -> 0 | R2: =(co2e_g_kwh!O2)/1000000000000 -> 0 | S2: =D2+E2+F2+G2+I2+J2+L2+M2+N2+O2 -> 1.7037342
A3: 2 | B3: 2000 | C3: 2 | D3: =(co2e_g_kwh!D3)/1000000000000 -> 0.000594828 | E3: =(co2e_g_kwh!F3)/1000000000000 -> 0 | F3: =(co2e_g_kwh!G3)/1000000000000 -> 0 | G3: =(co2e_g_kwh!K3)/1000000000000 -> 0.0052005603 | H3: =SUM(D3:G3) -> 0.0057953883 | I3: =(co2e_g_kwh!E3)/1000000000000 -> 0.72616564 | J3: =(co2e_g_kwh!H3)/1000000000000 -> 0.28188447 | K3: =SUM(I3:J3) -> 1.0080501 | L3: =(co2e_g_kwh!I3)/1000000000000 -> 0.56384849 | M3: =(co2e_g_kwh!J3)/1000000000000 -> 0 | N3: =(co2e_g_kwh!L3)/1000000000000 -> 0.058057104 | O3: =(co2e_g_kwh!M3)/1000000000000 -> 0 | P3: =SUM(M3:O3) -> 0.058057104 | Q3: =(co2e_g_kwh!N3)/1000000000000 -> 0 | R3: =(co2e_g_kwh!O3)/1000000000000 -> 0 | S3: =D3+E3+F3+G3+I3+J3+L3+M3+N3+O3 -> 1.6357511
A4: 3 | B4: 2000 | C4: 3 | D4: =(co2e_g_kwh!D4)/1000000000000 -> 0.0001999608 | E4: =(co2e_g_kwh!F4)/1000000000000 -> 0 | F4: =(co2e_g_kwh!G4)/1000000000000 -> 0 | G4: =(co2e_g_kwh!K4)/1000000000000 -> 0.0052024323 | H4: =SUM(D4:G4) -> 0.0054023931 | I4: =(co2e_g_kwh!E4)/1000000000000 -> 0.68648425 | J4: =(co2e_g_kwh!H4)/1000000000000 -> 0.24934968 | K4: =SUM(I4:J4) -> 0.93583393 | L4: =(co2e_g_kwh!I4)/1000000000000 -> 0.60457706 | M4: =(co2e_g_kwh!J4)/1000000000000 -> 0 | N4: =(co2e_g_kwh!L4)/1000000000000 -> 0.065685774 | O4: =(co2e_g_kwh!M4)/1000000000000 -> 0 | P4: =SUM(M4:O4) -> 0.065685774 | Q4: =(co2e_g_kwh!N4)/1000000000000 -> 0 | R4: =(co2e_g_kwh!O4)/1000000000000 -> 0 | S4: =D4+E4+F4+G4+I4+J4+L4+M4+N4+O4 -> 1.6114992
A5: 4 | B5: 2000 | C5: 4 | D5: =(co2e_g_kwh!D5)/1000000000000 -> 0.0001872 | E5: =(co2e_g_kwh!F5)/1000000000000 -> 0 | F5: =(co2e_g_kwh!G5)/1000000000000 -> 0 | G5: =(co2e_g_kwh!K5)/1000000000000 -> 0.0046655128 | H5: =SUM(D5:G5) -> 0.0048527128 | I5: =(co2e_g_kwh!E5)/1000000000000 -> 0.6762773 | J5: =(co2e_g_kwh!H5)/1000000000000 -> 0.16397796 | K5: =SUM(I5:J5) -> 0.84025526 | L5: =(co2e_g_kwh!I5)/1000000000000 -> 0.58402258 | M5: =(co2e_g_kwh!J5)/1000000000000 -> 0 | N5: =(co2e_g_kwh!L5)/1000000000000 -> 0.033001164 | O5: =(co2e_g_kwh!M5)/1000000000000 -> 0 | P5: =SUM(M5:O5) -> 0.033001164 | Q5: =(co2e_g_kwh!N5)/1000000000000 -> 0 | R5: =(co2e_g_kwh!O5)/1000000000000 -> 0 | S5: =D5+E5+F5+G5+I5+J5+L5+M5+N5+O5 -> 1.4621317
A6: 5 | B6: 2000 | C6: 5 | D6: =(co2e_g_kwh!D6)/1000000000000 -> 0.0002289612 | E6: =(co2e_g_kwh!F6)/1000000000000 -> 0 | F6: =(co2e_g_kwh!G6)/1000000000000 -> 0 | G6: =(co2e_g_kwh!K6)/1000000000000 -> 0 | H6: =SUM(D6:G6) -> 0.0002289612 | I6: =(co2e_g_kwh!E6)/1000000000000 -> 0.72660057 | J6: =(co2e_g_kwh!H6)/1000000000000 -> 0.24456759 | K6: =SUM(I6:J6) -> 0.97116817 | L6: =(co2e_g_kwh!I6)/1000000000000 -> 0.60508123 | M6: =(co2e_g_kwh!J6)/1000000000000 -> 0 | N6: =(co2e_g_kwh!L6)/1000000000000 -> 0.08522262 | O6: =(co2e_g_kwh!M6)/1000000000000 -> 0 | P6: =SUM(M6:O6) -> 0.08522262 | Q6: =(co2e_g_kwh!N6)/1000000000000 -> 0 | R6: =(co2e_g_kwh!O6)/1000000000000 -> 0 | S6: =D6+E6+F6+G6+I6+J6+L6+M6+N6+O6 -> 1.661701
A7: 6 | B7: 2000 | C7: 6 | D7: =(co2e_g_kwh!D7)/1000000000000 -> 0.0003919188 | E7: =(co2e_g_kwh!F7)/1000000000000 -> 0 | F7: =(co2e_g_kwh!G7)/1000000000000 -> 0 | G7: =(co2e_g_kwh!K7)/1000000000000 -> 1.443e-07 | H7: =SUM(D7:G7) -> 0.0003920631 | I7: =(co2e_g_kwh!E7)/1000000000000 -> 0.7257265 | J7: =(co2e_g_kwh!H7)/1000000000000 -> 0.27912516 | K7: =SUM(I7:J7) -> 1.0048517 | L7: =(co2e_g_kwh!I7)/1000000000000 -> 0.57490466 | M7: =(co2e_g_kwh!J7)/1000000000000 -> 0 | N7: =(co2e_g_kwh!L7)/1000000000000 -> 0.089038656 | O7: =(co2e_g_kwh!M7)/1000000000000 -> 0 | P7: =SUM(M7:O7) -> 0.089038656 | Q7: =(co2e_g_kwh!N7)/1000000000000 -> 0 | R7: =(co2e_g_kwh!O7)/1000000000000 -> 0 | S7: =D7+E7+F7+G7+I7+J7+L7+M7+N7+O7 -> 1.669187
A8: 7 | B8: 2000 | C8: 7 | D8: =(co2e_g_kwh!D8)/1000000000000 -> 0.00026767 | E8: =(co2e_g_kwh!F8)/1000000000000 -> 0 | F8: =(co2e_g_kwh!G8)/1000000000000 -> 0 | G8: =(co2e_g_kwh!K8)/1000000000000 -> 0.000882453 | H8: =SUM(D8:G8) -> 0.001150123 | I8: =(co2e_g_kwh!E8)/1000000000000 -> 0.6081058 | J8: =(co2e_g_kwh!H8)/1000000000000 -> 0.26248496 | K8: =SUM(I8:J8) -> 0.87059075 | L8: =(co2e_g_kwh!I8)/1000000000000 -> 0.58126425 | M8: =(co2e_g_kwh!J8)/1000000000000 -> 0 | N8: =(co2e_g_kwh!L8)/1000000000000 -> 0.10937388 | O8: =(co2e_g_kwh!M8)/1000000000000 -> 0 | P8: =SUM(M8:O8) -> 0.10937388 | Q8: =(co2e_g_kwh!N8)/1000000000000 -> 0 | R8: =(co2e_g_kwh!O8)/1000000000000 -> 0 | S8: =D8+E8+F8+G8+I8+J8+L8+M8+N8+O8 -> 1.562379
A9: 8 | B9: 2000 | C9: 8 | D9: =(co2e_g_kwh!D9)/1000000000000 -> 0.0004258384 | E9: =(co2e_g_kwh!F9)/1000000000000 -> 0 | F9: =(co2e_g_kwh!G9)/1000000000000 -> 0 | G9: =(co2e_g_kwh!K9)/1000000000000 -> 0.0087410804 | H9: =SUM(D9:G9) -> 0.0091669188 | I9: =(co2e_g_kwh!E9)/1000000000000 -> 0.6281252 | J9: =(co2e_g_kwh!H9)/1000000000000 -> 0.26589945 | K9: =SUM(I9:J9) -> 0.89402464 | L9: =(co2e_g_kwh!I9)/1000000000000 -> 0.58405764 | M9: =(co2e_g_kwh!J9)/1000000000000 -> 0 | N9: =(co2e_g_kwh!L9)/1000000000000 -> 0.10721819 | O9: =(co2e_g_kwh!M9)/1000000000000 -> 0 | P9: =SUM(M9:O9) -> 0.10721819 | Q9: =(co2e_g_kwh!N9)/1000000000000 -> 0 | R9: =(co2e_g_kwh!O9)/1000000000000 -> 0 | S9: =D9+E9+F9+G9+I9+J9+L9+M9+N9+O9 -> 1.5944674
A10: 9 | B10: 2000 | C10: 9 | D10: =(co2e_g_kwh!D10)/1000000000000 -> 0.00097799 | E10: =(co2e_g_kwh!F10)/1000000000000 -> 0 | F10: =(co2e_g_kwh!G10)/1000000000000 -> 0 | G10: =(co2e_g_kwh!K10)/1000000000000 -> 0.010155551 | H10: =SUM(D10:G10) -> 0.011133541 | I10: =(co2e_g_kwh!E10)/1000000000000 -> 0.39775756 | J10: =(co2e_g_kwh!H10)/1000000000000 -> 0.24313841 | K10: =SUM(I10:J10) -> 0.64089597 | L10: =(co2e_g_kwh!I10)/1000000000000 -> 0.57714257 | M10: =(co2e_g_kwh!J10)/1000000000000 -> 0 | N10: =(co2e_g_kwh!L10)/1000000000000 -> 0.067530313 | O10: =(co2e_g_kwh!M10)/1000000000000 -> 0 | P10: =SUM(M10:O10) -> 0.067530313 | Q10: =(co2e_g_kwh!N10)/1000000000000 -> 0 | R10: =(co2e_g_kwh!O10)/1000000000000 -> 0 | S10: =D10+E10+F10+G10+I10+J10+L10+M10+N10+O10 -> 1.2967024
A11: 10 | B11: 2000 | C11: 10 | D11: =(co2e_g_kwh!D11)/1000000000000 -> 0.0001839084 | E11: =(co2e_g_kwh!F11)/1000000000000 -> 0 | F11: =(co2e_g_kwh!G11)/1000000000000 -> 0 | G11: =(co2e_g_kwh!K11)/1000000000000 -> 0.0070839098 | H11: =SUM(D11:G11) -> 0.0072678182 | I11: =(co2e_g_kwh!E11)/1000000000000 -> 0.33768094 | J11: =(co2e_g_kwh!H11)/1000000000000 -> 0.26792378 | K11: =SUM(I11:J11) -> 0.60560472 | L11: =(co2e_g_kwh!I11)/1000000000000 -> 0.63072911 | M11: =(co2e_g_kwh!J11)/1000000000000 -> 0 | N11: =(co2e_g_kwh!L11)/1000000000000 -> 0.059195388 | O11: =(co2e_g_kwh!M11)/1000000000000 -> 0 | P11: =SUM(M11:O11) -> 0.059195388 | Q11: =(co2e_g_kwh!N11)/1000000000000 -> 0 | R11: =(co2e_g_kwh!O11)/1000000000000 -> 0 | S11: =D11+E11+F11+G11+I11+J11+L11+M11+N11+O11 -> 1.302797
A12: 11 | B12: 2000 | C12: 11 | D12: =(co2e_g_kwh!D12)/1000000000000 -> 0.0001858428 | E12: =(co2e_g_kwh!F12)/1000000000000 -> 0 | F12: =(co2e_g_kwh!G12)/1000000000000 -> 0 | G12: =(co2e_g_kwh!K12)/1000000000000 -> 0.014661987 | H12: =SUM(D12:G12) -> 0.014847829 | I12: =(co2e_g_kwh!E12)/1000000000000 -> 0.49047849 | J12: =(co2e_g_kwh!H12)/1000000000000 -> 0.26655642 | K12: =SUM(I12:J12) -> 0.75703491 | L12: =(co2e_g_kwh!I12)/1000000000000 -> 0.57989258 | M12: =(co2e_g_kwh!J12)/1000000000000 -> 0 | N12: =(co2e_g_kwh!L12)/1000000000000 -> 0.0843318 | O12: =(co2e_g_kwh!M12)/1000000000000 -> 0 | P12: =SUM(M12:O12) -> 0.0843318 | Q12: =(co2e_g_kwh!N12)/1000000000000 -> 0 | R12: =(co2e_g_kwh!O12)/1000000000000 -> 0 | S12: =D12+E12+F12+G12+I12+J12+L12+M12+N12+O12 -> 1.4361071
A13: 12 | B13: 2000 | C13: 12 | D13: =(co2e_g_kwh!D13)/1000000000000 -> 0.0004798976 | E13: =(co2e_g_kwh!F13)/1000000000000 -> 0 | F13: =(co2e_g_kwh!G13)/1000000000000 -> 0 | G13: =(co2e_g_kwh!K13)/1000000000000 -> 0.015923145 | H13: =SUM(D13:G13) -> 0.016403042 | I13: =(co2e_g_kwh!E13)/1000000000000 -> 0.64078995 | J13: =(co2e_g_kwh!H13)/1000000000000 -> 0.32729349 | K13: =SUM(I13:J13) -> 0.96808344 | L13: =(co2e_g_kwh!I13)/1000000000000 -> 0.57997168 | M13: =(co2e_g_kwh!J13)/1000000000000 -> 0 | N13: =(co2e_g_kwh!L13)/1000000000000 -> 0.07914606 | O13: =(co2e_g_kwh!M13)/1000000000000 -> 0 | P13: =SUM(M13:O13) -> 0.07914606 | Q13: =(co2e_g_kwh!N13)/1000000000000 -> 0 | R13: =(co2e_g_kwh!O13)/1000000000000 -> 0 | S13: =D13+E13+F13+G13+I13+J13+L13+M13+N13+O13 -> 1.6436042
... A311: 310 | B311: 2025 | C311: 10 | D311: =(co2e_g_kwh!D311)/1000000000000 -> 0.012808741 | E311: =(co2e_g_kwh!F311)/1000000000000 -> 0.15395147 | F311: =(co2e_g_kwh!G311)/1000000000000 -> 0.36398324 | G311: =(co2e_g_kwh!K311)/1000000000000 -> 0.019420906 | H311: =SUM(D311:G311) -> 0.55016436 | I311: =(co2e_g_kwh!E311)/1000000000000 -> 1.1300179 | J311: =(co2e_g_kwh!H311)/1000000000000 -> 2.5048265 | K311: =SUM(I311:J311) -> 3.6348444 | L311: =(co2e_g_kwh!I311)/1000000000000 -> 0.58972845 | M311: =(co2e_g_kwh!J311)/1000000000000 -> 0.0020344178 | N311: =(co2e_g_kwh!L311)/1000000000000 -> 0.00027892788 | O311: =(co2e_g_kwh!M311)/1000000000000 -> 0.0031880965 | P311: =SUM(M311:O311) -> 0.0055014422 | Q311: =(co2e_g_kwh!N311)/1000000000000 -> 0 | R311: =(co2e_g_kwh!O311)/1000000000000 -> 0 | S311: =D311+E311+F311+G311+I311+J311+L311+M311+N311+O311 -> 4.7802386

Sheet lcae
A1: mes_total | B1: ano | C1: mes | D1: biomassa | E1: carvao | F1: eolica | G1: fotovoltaica | H1: gas | I1: hidraulica | J1: multi_combustivel_diesel_oleo | K1: nuclear | L1: oleo_combustivel | M1: oleo_diesel | N1: outras_multi_combustivel | O1: residuos_industriais
D2: 52 | E2: 1001 | F2: 13 | G2: 43 | H2: 486 | I2: 21 | J2: 840 | K2: 13 | L2: 840 | M2: 840 | N2: 0 | O2: 0 | P2: coeficientes

Sheet 2025
A1: mes_total | B1: ano | C1: mes | D1: biomassa | E1: carvao | F1: eolica | G1: fotovoltaica | H1: gas | I1: hidraulica | J1: multi_combustivel_diesel_oleo | K1: nuclear | L1: oleo_combustivel | M1: oleo_diesel | N1: outras_multi_combustivel | O1: residuos_industriais
A2: 301 | B2: 2025 | C2: 1 | D2: 231900.19 | E2: 306080.33 | F2: 5812282.6 | G2: 7737088.3 | H2: 2260029.3 | I2: 43624918 | J2: 2971.488 | K2: 1357484 | L2: 22435.646 | M2: 4882.495 | N2: 329395.48 | O2: 549594.59
A3: 302 | B3: 2025 | C3: 2 | D3: 287585.61 | E3: 630697.56 | F3: 7324084.7 | G3: 7356471.4 | H3: 1521269.9 | I3: 41338289 | J3: 2028.318 | K3: 1330426.2 | L3: 15828.762 | M3: 10344.663 | N3: 246977.1 | O3: 535795.99
A4: 303 | B4: 2025 | C4: 3 | D4: 361263.59 | E4: 487989.22 | F4: 8322738.5 | G4: 8532550.4 | H4: 1572228.8 | I4: 42507682 | J4: 1479.026 | K4: 1443183.8 | L4: 12207.677 | M4: 12126.574 | N4: 360452.28 | O4: 571552.03
A5: 304 | B5: 2025 | C5: 4 | D5: 554322.02 | E5: 624979.97 | F5: 7461279.3 | G5: 7191480.1 | H5: 1829392.9 | I5: 37362076 | J5: 1613.687 | K5: 1026404.5 | L5: 9446.745 | M5: 9290.074 | N5: 704086.58 | O5: 569007.19
A6: 305 | B6: 2025 | C6: 5 | D6: 873939.71 | E6: 590826.72 | F6: 10546523 | G6: 6752909.2 | H6: 1941517.5 | I6: 33354187 | J6: 1092.886 | K6: 1009487.4 | L6: 9261.145 | M6: 2895.299 | N6: 1263759.3 | O6: 501285.79
A7: 306 | B7: 2025 | C7: 6 | D7: 932014.1 | E7: 901841.15 | F7: 10692394 | G7: 6186793.4 | H7: 2427381.7 | I7: 30292422 | J7: 1300.437 | K7: 980523.79 | L7: 6076.9 | M7: 9120.621 | N7: 1473639.2 | O7: 531732.04
A8: 307 | B8: 2025 | C8: 7 | D8: 882448.2 | E8: 910972 | F8: 11245328 | G8: 6852675.8 | H8: 4342050.1 | I8: 28640181 | J8: 1887.304 | K8: 1295792.7 | L8: 10944.041 | M8: 7932.507 | N8: 1623039.1 | O8: 515902.57
A9: 308 | B9: 2025 | C9: 8 | D9: 934529.2 | E9: 1154944.9 | F9: 11687992 | G9: 7297560.8 | H9: 4578354.3 | I9: 26626256 | J9: 2005.522 | K9: 1497307.3 | L9: 15462.787 | M9: 9265.686 | N9: 1616855.6 | O9: 550824.6
A10: 309 | B10: 2025 | C10: 9 | D10: 582893.34 | E10: 1085700.3 | F10: 12378194 | G10: 7682711.1 | H10: 3542002.6 | I10: 26849110 | J10: 1732.147 | K10: 1449266.7 | L10: 6006.2435 | M10: 7886.891 | N10: 1633603.3 | O10: 568967.23
